year,word,percentage
2025,company,58.68
2025,products,15.16
2025,other,10.55
2025,services,8.89
2025,business,8.79
2025,financial,8.17
2025,such,6.77
2025,adversely,6.64
2025,subject,5.85
2025,not,5.81
2025,operations,5.66
2025,including,5.57
2025,product,5.55
2025,results,5.5
2025,new,5.45
2025,also,5.34
2025,significant,5.32
2025,third,5.03
2025,condition,4.81
2025,which,4.8
2025,materially,4.7
2025,components,4.47
2025,affect,4.31
2025,sales,4.14
2025,information,3.95
2025,future,3.88
2025,operating,3.84
2025,party,3.73
2025,all,3.69
2025,result,3.64
2025,time,3.57
2025,laws,3.51
2025,supply,3.48
2025,changes,3.25
2025,foreign,3.24
2025,international,3.2
2025,price,3.12
2025,risk,3.06
2025,affected,3.04
2025,demand,3.04
2025,content,2.99
2025,ability,2.93
2025,risks,2.92
2025,applications,2.91
2025,software,2.89
2025,trade,2.81
2025,data,2.79
2025,costs,2.78
2025,customers,2.74
2025,impact,2.73
2025,partners,2.71
2025,certain,2.68
2025,global,2.64
2025,suppliers,2.63
2025,manufacturing,2.62
2025,adverse,2.45
2025,factors,2.43
2025,assurance,2.43
2025,economic,2.4
2025,tax,2.39
2025,cost,2.37
2025,conditions,2.37
2025,addition,2.35
2025,stock,2.26
2025,property,2.25
2025,market,2.25
2025,technology,2.23
2025,many,2.22
2025,service,2.2
2025,markets,2.19
2025,regulations,2.16
2025,reputation,2.1
2025,reasonable,2.06
2025,terms,2.02
2025,intellectual,2.01
2025,access,1.99
2025,security,1.98
2025,value,1.98
2025,legal,1.93
2025,credit,1.93
2025,agreements,1.92
2025,performance,1.92
2025,retail,1.9
2025,use,1.86
2025,more,1.83
2025,availability,1.82
2025,measures,1.79
2025,substantial,1.79
2025,digital,1.79
2025,continue,1.77
2025,claims,1.77
2025,industry,1.75
2025,competitors,1.75
2025,while,1.74
2025,losses,1.72
2025,issues,1.72
2025,number,1.72
2025,part,1.71
2025,change,1.71
2025,obtain,1.71
2025,requirements,1.7
2025,offer,1.7
2025,network,1.69
2025,rates,1.62
2025,competition,1.62
2025,litigation,1.62
2025,associated,1.61
2025,fluctuations,1.6
2025,competitive,1.59
2025,management,1.59
2025,any,1.58
2025,health,1.58
2025,experience,1.58
2025,failure,1.58
2025,inventory,1.57
2025,stores,1.56
2025,margins,1.55
2025,currency,1.54
2025,make,1.51
2025,outsourcing,1.5
2025,currently,1.5
2025,developers,1.47
2025,systems,1.47
2025,some,1.44
2025,through,1.44
2025,disruptions,1.42
2025,require,1.41
2025,investigations,1.4
2025,increase,1.4
2025,commercially,1.4
2025,into,1.39
2025,arrangements,1.38
2025,statements,1.38
2025,customer,1.37
2025,confidential,1.37
2025,store,1.37
2025,depends,1.36
2025,system,1.35
2025,receivables,1.33
2025,carriers,1.33
2025,government,1.32
2025,assets,1.31
2025,against,1.31
2025,include,1.3
2025,parties,1.3
2025,pricing,1.29
2025,material,1.29
2025,prepayments,1.27
2025,public,1.27
2025,resellers,1.25
2025,dollar,1.23
2025,believes,1.23
2025,hardware,1.23
2025,significantly,1.22
2025,companies,1.22
2025,actions,1.21
2025,limited,1.21
2025,loss,1.19
2025,than,1.18
2025,share,1.17
2025,personal,1.17
2025,jurisdictions,1.16
2025,manage,1.16
2025,related,1.15
2025,cash,1.15
2025,develop,1.14
2025,component,1.14
2025,payment,1.14
2025,well,1.14
2025,investment,1.14
2025,net,1.14
2025,political,1.13
2025,expenses,1.13
2025,cellular,1.13
2025,employees,1.12
2025,expectations,1.12
2025,effectively,1.12
2025,additional,1.11
2025,anticipated,1.11
2025,quality,1.11
2025,continued,1.1
2025,available,1.1
2025,because,1.1
2025,non,1.1
2025,events,1.09
2025,gross,1.08
2025,distribution,1.08
2025,further,1.07
2025,exchange,1.07
2025,defects,1.07
2025,growth,1.06
2025,restrictions,1.05
2025,example,1.05
2025,generally,1.05
2025,disputes,1.02
2025,increased,1.02
2025,purchase,1.01
2025,failures,1.01
2025,app,1.0
2025,located,0.99
2025,although,0.99
2025,proceedings,0.99
2025,rights,0.99
2025,natural,0.99
2025,provide,0.99
2025,long,0.99
2025,insurance,0.98
2025,among,0.98
2025,various,0.97
2025,able,0.97
2025,occur,0.96
2025,consumer,0.96
2025,resources,0.96
2025,due,0.96
2025,sufficient,0.95
2025,disasters,0.94
2025,relies,0.94
2025,introductions,0.94
2025,volatility,0.93
2025,limit,0.93
2025,exposed,0.93
2025,rapid,0.92
2025,coverage,0.92
2025,relating,0.92
2025,regional,0.91
2025,providers,0.91
2025,countries,0.91
2025,effective,0.91
2025,revenue,0.91
2025,compete,0.9
2025,depend,0.9
2025,write,0.89
2025,devices,0.88
2025,competes,0.88
2025,changing,0.87
2025,outside,0.87
2025,substantially,0.87
2025,required,0.86
2025,experienced,0.86
2025,one,0.86
2025,accidents,0.86
2025,obligations,0.85
2025,patents,0.84
2025,privacy,0.84
2025,incur,0.84
2025,platforms,0.84
2025,effect,0.83
2025,attacks,0.83
2025,supplier,0.82
2025,solutions,0.82
2025,term,0.82
2025,card,0.82
2025,currencies,0.82
2025,denominated,0.82
2025,technologies,0.82
2025,procedures,0.81
2025,quantities,0.8
2025,highly,0.8
2025,arise,0.8
2025,cause,0.79
2025,regulatory,0.79
2025,personnel,0.79
2025,unauthorized,0.79
2025,environmental,0.78
2025,prices,0.78
2025,chain,0.78
2025,logistics,0.78
2025,high,0.78
2025,resulting,0.77
2025,within,0.77
2025,compliance,0.77
2025,effects,0.77
2025,taxes,0.77
2025,relationships,0.76
2025,numerous,0.76
2025,over,0.76
2025,affecting,0.75
2025,production,0.75
2025,otherwise,0.75
2025,labor,0.75
2025,reduce,0.75
2025,locations,0.75
2025,unable,0.74
2025,types,0.74
2025,obtained,0.74
2025,seek,0.74
2025,given,0.73
2025,commitments,0.73
2025,introduction,0.73
2025,existing,0.73
2025,businesses,0.72
2025,higher,0.72
2025,successfully,0.72
2025,current,0.72
2025,impacted,0.72
2025,warranty,0.72
2025,single,0.72
2025,maintain,0.71
2025,under,0.71
2025,harm,0.71
2025,primarily,0.7
2025,purchases,0.7
2025,amounts,0.7
2025,outcome,0.7
2025,vendor,0.7
2025,industrial,0.7
2025,manufacture,0.69
2025,liabilities,0.69
2025,liability,0.69
2025,design,0.69
2025,rules,0.69
2025,expected,0.68
2025,patent,0.68
2025,protection,0.67
2025,equipment,0.67
2025,penalties,0.67
2025,exposure,0.67
2025,uncertainties,0.67
2025,shortages,0.67
2025,provided,0.67
2025,intense,0.67
2025,policies,0.67
2025,meet,0.66
2025,majority,0.66
2025,based,0.66
2025,additionally,0.66
2025,relative,0.66
2025,fines,0.65
2025,infringement,0.65
2025,when,0.65
2025,manufacturers,0.65
2025,asia,0.64
2025,pandemic,0.63
2025,control,0.63
2025,channel,0.63
2025,offerings,0.63
2025,intended,0.63
2025,made,0.62
2025,developing,0.62
2025,excess,0.62
2025,distributors,0.62
2025,fails,0.61
2025,lower,0.61
2025,vendors,0.61
2025,governmental,0.61
2025,response,0.61
2025,past,0.61
2025,practices,0.61
2025,periods,0.61
2025,success,0.61
2025,designed,0.6
2025,fully,0.6
2025,earnings,0.6
2025,technological,0.6
2025,industries,0.6
2025,variety,0.6
2025,often,0.59
2025,license,0.59
2025,decline,0.58
2025,reduced,0.58
2025,investments,0.58
2025,instruments,0.58
2025,strengthening,0.58
2025,insufficient,0.57
2025,cover,0.57
2025,sources,0.57
2025,take,0.57
2025,regarding,0.57
2025,orders,0.56
2025,tariffs,0.56
2025,timely,0.56
2025,computer,0.55
2025,acceptable,0.55
2025,standards,0.55
2025,covid,0.55
2025,users,0.55
2025,described,0.55
2025,comply,0.55
2025,negative,0.54
2025,uncertainty,0.54
2025,requires,0.54
2025,pii,0.54
2025,goods,0.54
2025,licenses,0.53
2025,analysis,0.53
2025,derivative,0.53
2025,key,0.53
2025,item,0.53
2025,limiting,0.53
2025,contract,0.53
2025,things,0.53
2025,increasing,0.53
2025,development,0.53
2025,negatively,0.52
2025,potential,0.52
2025,portion,0.52
2025,employee,0.51
2025,source,0.51
2025,matters,0.51
2025,following,0.5
2025,expensive,0.5
2025,delays,0.5
2025,liquidity,0.49
2025,terrorism,0.49
2025,power,0.49
2025,innovative,0.49
2025,much,0.49
2025,final,0.49
2025,reasons,0.49
2025,invested,0.49
2025,capital,0.49
2025,circumstances,0.49
2025,right,0.49
2025,damages,0.49
2025,period,0.49
2025,sells,0.49
2025,rate,0.49
2025,competing,0.49
2025,poor,0.48
2025,confidence,0.48
2025,complex,0.48
2025,whole,0.48
2025,facilities,0.47
2025,advantage,0.47
2025,secure,0.47
2025,vary,0.47
2025,form,0.47
2025,marketable,0.47
2025,consumers,0.47
2025,structures,0.47
2025,worldwide,0.46
2025,war,0.46
2025,greater,0.46
2025,delay,0.45
2025,impairment,0.45
2025,jurisdiction,0.45
2025,frequently,0.45
2025,small,0.45
2025,wholesalers,0.45
2025,retailers,0.45
2025,mix,0.45
2025,violations,0.45
2025,increases,0.45
2025,advance,0.44
2025,across,0.44
2025,entered,0.44
2025,commission,0.44
2025,little,0.43
2025,implemented,0.43
2025,online,0.43
2025,faces,0.43
2025,stimulate,0.43
2025,wide,0.43
2025,safety,0.43
2025,process,0.43
2025,releases,0.43
2025,where,0.43
2025,activities,0.43
2025,directly,0.43
2025,ireland,0.43
2025,resolved,0.43
2025,about,0.42
2025,profitability,0.42
2025,only,0.42
2025,ios,0.42
2025,programs,0.42
2025,create,0.42
2025,transactions,0.41
2025,retention,0.41
2025,contracts,0.41
2025,interruptions,0.41
2025,asset,0.41
2025,maintains,0.41
2025,ensure,0.41
2025,particular,0.41
2025,interruption,0.41
2025,fees,0.41
2025,values,0.4
2025,distribute,0.4
2025,disrupt,0.4
2025,performed,0.4
2025,expects,0.39
2025,distributes,0.39
2025,sensitive,0.39
2025,spending,0.39
2025,marketing,0.39
2025,continually,0.39
2025,amount,0.39
2025,media,0.39
2025,event,0.39
2025,providing,0.39
2025,transitions,0.39
2025,contractors,0.39
2025,anti,0.39
2025,geographic,0.39
2025,offers,0.39
2025,earns,0.38
2025,protect,0.38
2025,reporting,0.38
2025,activity,0.38
2025,income,0.38
2025,critical,0.38
2025,federal,0.38
2025,state,0.38
2025,mitigate,0.38
2025,impacts,0.37
2025,controls,0.37
2025,specific,0.37
2025,less,0.37
2025,accounts,0.37
2025,fair,0.37
2025,minority,0.37
2025,larger,0.37
2025,others,0.37
2025,upgrading,0.37
2025,most,0.37
2025,securities,0.37
2025,contingencies,0.36
2025,operation,0.36
2025,profit,0.36
2025,commercial,0.36
2025,malicious,0.36
2025,authorities,0.36
2025,individual,0.36
2025,regions,0.36
2025,delayed,0.36
2025,reputational,0.36
2025,benefits,0.35
2025,acceptance,0.35
2025,healthcare,0.35
2025,order,0.35
2025,uses,0.35
2025,damage,0.35
2025,provisions,0.35
2025,processes,0.35
2025,invest,0.35
2025,acquisitions,0.35
2025,support,0.34
2025,concentrated,0.34
2025,particularly,0.34
2025,channels,0.34
2025,initiatives,0.34
2025,offs,0.34
2025,extent,0.33
2025,mobile,0.33
2025,above,0.33
2025,trends,0.33
2025,discussion,0.33
2025,forward,0.33
2025,acts,0.33
2025,difficult,0.33
2025,impossible,0.33
2025,recovery,0.33
2025,major,0.33
2025,aggressive,0.33
2025,frequent,0.33
2025,short,0.33
2025,adoption,0.33
2025,sell,0.33
2025,imitate,0.33
2025,volatile,0.33
2025,enhance,0.33
2025,upgraded,0.33
2025,successful,0.33
2025,levels,0.33
2025,code,0.33
2025,conduct,0.33
2025,finished,0.33
2025,held,0.33
2025,help,0.33
2025,problems,0.33
2025,renew,0.33
2025,suffer,0.33
2025,utilize,0.33
2025,decide,0.33
2025,shipments,0.33
2025,cancellation,0.33
2025,records,0.33
2025,down,0.33
2025,exceed,0.33
2025,necessary,0.33
2025,pace,0.33
2025,choose,0.33
2025,compared,0.33
2025,inclined,0.33
2025,relatively,0.33
2025,executive,0.33
2025,mid,0.33
2025,sized,0.33
2025,education,0.33
2025,enterprise,0.33
2025,return,0.33
2025,telecommunications,0.33
2025,inadequate,0.33
2025,encryption,0.33
2025,strategies,0.33
2025,ongoing,0.33
2025,inherently,0.33
2025,unfavorable,0.33
2025,enter,0.33
2025,individually,0.33
2025,aggregate,0.33
2025,subsidiaries,0.33
2025,quarterly,0.33
2025,fluctuate,0.33
2025,movements,0.33
2025,raise,0.33
2025,offset,0.33
2025,equivalents,0.33
2025,examinations,0.33
2025,repurchases,0.33
2025,reflect,0.33
2025,repurchase,0.33
2025,program,0.33
2025,dividends,0.33
2025,considerations,0.32
2025,efforts,0.32
2025,alternative,0.32
2025,life,0.31
2025,consolidated,0.31
2025,commerce,0.31
2025,therefore,0.31
2025,cannot,0.31
2025,application,0.31
2025,licensing,0.31
2025,macroeconomic,0.31
2025,realized,0.31
2025,direct,0.31
2025,consuming,0.31
2025,policy,0.31
2025,institutions,0.31
2025,manner,0.31
2025,eventualities,0.31
2025,error,0.31
2025,general,0.31
2025,audit,0.31
2025,liable,0.31
2025,potentially,0.31
2025,follow,0.31
2025,applicable,0.31
2025,uncertain,0.3
2025,charges,0.3
2025,remains,0.3
2025,multiple,0.3
2025,commitment,0.3
2025,profile,0.3
2025,skilled,0.29
2025,transaction,0.29
2025,avoid,0.29
2025,similar,0.29
2025,import,0.29
2025,mac,0.29
2025,inability,0.29
2025,caused,0.29
2025,selling,0.29
2025,infringing,0.29
2025,infringe,0.29
2025,respect,0.29
2025,assembly,0.29
2025,monetary,0.29
2025,interest,0.29
2025,declines,0.29
2025,lead,0.29
2025,limitations,0.29
2025,plant,0.29
2025,deliver,0.29
2025,slowdowns,0.29
2025,outages,0.29
2025,consequences,0.29
2025,returns,0.29
2025,smartphone,0.29
2025,technical,0.29
2025,established,0.29
2025,exist,0.29
2025,exceeds,0.29
2025,recoverable,0.29
2025,financing,0.29
2025,continuity,0.29
2025,indemnified,0.29
2025,investigatory,0.29
2025,breach,0.28
2025,cases,0.28
2025,economy,0.28
2025,evolving,0.28
2025,attractive,0.28
2025,operational,0.28
2025,climate,0.28
2025,makes,0.28
2025,communications,0.27
2025,export,0.27
2025,unique,0.27
2025,social,0.27
2025,governance,0.27
2025,notes,0.27
2025,volume,0.27
2025,large,0.27
2025,experiences,0.27
2025,downward,0.27
2025,pressure,0.27
2025,cycles,0.27
2025,trademarks,0.27
2025,copyrights,0.27
2025,defect,0.27
2025,several,0.27
2025,ownership,0.27
2025,lose,0.27
2025,times,0.27
2025,computers,0.27
2025,collectibility,0.27
2025,upon,0.26
2025,renewal,0.26
2025,passed,0.26
2025,legislation,0.26
2025,determine,0.26
2025,ultimate,0.26
2025,leasehold,0.26
2025,improvements,0.26
2025,lease,0.26
2025,place,0.26
2025,during,0.26
2025,manages,0.26
2025,talents,0.26
2025,team,0.26
2025,ransomware,0.26
2025,apps,0.26
2025,disruption,0.26
2025,differing,0.25
2025,pressures,0.25
2025,own,0.25
2025,prevent,0.25
2025,china,0.25
2025,contain,0.25
2025,consolidation,0.25
2025,windows,0.25
2025,corporate,0.25
2025,between,0.25
2025,disruptive,0.25
2025,become,0.25
2025,keep,0.25
2025,defending,0.25
2025,preclude,0.25
2025,lines,0.25
2025,enabled,0.25
2025,offered,0.25
2025,tablet,0.25
2025,produce,0.24
2025,severe,0.24
2025,how,0.24
2025,remain,0.24
2025,goals,0.24
2025,antitrust,0.24
2025,affects,0.24
2025,pandemics,0.23
2025,features,0.23
2025,considered,0.23
2025,working,0.23
2025,europe,0.23
2025,constraints,0.23
2025,lost,0.23
2025,incorrectly,0.23
2025,electronic,0.23
2025,gain,0.23
2025,authentication,0.23
2025,onerous,0.23
2025,collection,0.23
2025,transfer,0.23
2025,whether,0.23
2025,instability,0.23
2025,capacity,0.23
2025,typically,0.23
2025,extensive,0.23
2025,repatriation,0.23
2025,agents,0.23
2025,violate,0.23
2025,inconsistent,0.23
2025,interpretation,0.23
2025,bodies,0.23
2025,fiscal,0.23
2025,downs,0.23
2025,culture,0.23
2025,allegations,0.22
2025,structure,0.22
2025,perform,0.22
2025,extreme,0.22
2025,partner,0.22
2025,achieve,0.22
2025,margin,0.21
2025,travel,0.21
2025,course,0.21
2025,logistical,0.21
2025,monitor,0.21
2025,appropriate,0.21
2025,restrict,0.21
2025,brand,0.21
2025,investors,0.21
2025,applied,0.21
2025,involve,0.21
2025,flexibility,0.21
2025,adhere,0.21
2025,guarantee,0.21
2025,website,0.21
2025,press,0.21
2025,announced,0.21
2025,retain,0.21
2025,regardless,0.21
2025,unemployment,0.21
2025,finance,0.21
2025,debt,0.21
2025,beyond,0.21
2025,environments,0.21
2025,low,0.21
2025,improve,0.21
2025,functional,0.21
2025,advantages,0.21
2025,nature,0.21
2025,expense,0.21
2025,unanticipated,0.21
2025,realizable,0.21
2025,carrying,0.21
2025,however,0.21
2025,maintaining,0.21
2025,disaster,0.21
2025,quarter,0.21
2025,local,0.21
2025,thus,0.21
2025,few,0.21
2025,internal,0.21
2025,likelihood,0.21
2025,country,0.21
2025,exposes,0.21
2025,face,0.21
2025,intangible,0.21
2025,retains,0.21
2025,found,0.21
2025,historically,0.2
2025,force,0.2
2025,device,0.2
2025,work,0.2
2025,imposition,0.2
2025,apply,0.2
2025,imposing,0.2
2025,fee,0.2
2025,incidents,0.19
2025,real,0.19
2025,estate,0.19
2025,preventing,0.19
2025,expose,0.19
2025,claim,0.19
2025,adopt,0.19
2025,identify,0.19
2025,tablets,0.19
2025,introduced,0.19
2025,even,0.19
2025,practice,0.19
2025,passwords,0.19
2025,area,0.19
2025,compromised,0.19
2025,attempt,0.18
2025,internet,0.18
2025,modifications,0.18
2025,protective,0.18
2025,tensions,0.18
2025,continuing,0.18
2025,initial,0.18
2025,stop,0.18
2025,disrupted,0.18
2025,errors,0.18
2025,address,0.18
2025,injunctive,0.18
2025,relief,0.18
2025,noncompliance,0.18
2025,board,0.18
2025,continues,0.18
2025,governments,0.18
2025,personally,0.18
2025,identifiable,0.18
2025,names,0.17
2025,violation,0.17
2025,serve,0.17
2025,plans,0.17
2025,what,0.17
2025,areas,0.17
2025,representing,0.17
2025,total,0.17
2025,inflation,0.17
2025,specialized,0.17
2025,decrease,0.17
2025,user,0.17
2025,them,0.17
2025,overall,0.17
2025,challenges,0.17
2025,known,0.16
2025,unknown,0.16
2025,below,0.16
2025,reliable,0.16
2025,indicator,0.16
2025,historical,0.16
2025,anticipate,0.16
2025,contains,0.16
2025,looking,0.16
2025,read,0.16
2025,conjunction,0.16
2025,supplementary,0.16
2025,tighter,0.16
2025,insolvency,0.16
2025,counterparties,0.16
2025,issue,0.16
2025,fire,0.16
2025,nuclear,0.16
2025,terrorist,0.16
2025,hostile,0.16
2025,inefficiencies,0.16
2025,expenditures,0.16
2025,resume,0.16
2025,safe,0.16
2025,accident,0.16
2025,stringent,0.16
2025,freight,0.16
2025,movement,0.16
2025,ramps,0.16
2025,characterized,0.16
2025,continual,0.16
2025,improvement,0.16
2025,characteristics,0.16
2025,advancements,0.16
2025,sensitivity,0.16
2025,heavily,0.16
2025,marketplace,0.16
2025,designs,0.16
2025,develops,0.16
2025,nearly,0.16
2025,entire,0.16
2025,solution,0.16
2025,holds,0.16
2025,registered,0.16
2025,register,0.16
2025,contrast,0.16
2025,very,0.16
2025,broader,0.16
2025,priced,0.16
2025,installed,0.16
2025,base,0.16
2025,aggressively,0.16
2025,cut,0.16
2025,lowered,0.16
2025,collaborate,0.16
2025,intensify,0.16
2025,approach,0.16
2025,seamlessly,0.16
2025,collaboratively,0.16
2025,integrated,0.16
2025,models,0.16
2025,free,0.16
2025,illegitimate,0.16
2025,means,0.16
2025,introduce,0.16
2025,transition,0.16
2025,ramp,0.16
2025,line,0.16
2025,deficiencies,0.16
2025,outsourced,0.16
2025,transportation,0.16
2025,diminished,0.16
2025,quantity,0.16
2025,respond,0.16
2025,reimbursement,0.16
2025,responsible,0.16
2025,transit,0.16
2025,destinations,0.16
2025,man,0.16
2025,terminated,0.16
2025,obtains,0.16
2025,commodity,0.16
2025,extend,0.16
2025,custom,0.16
2025,until,0.16
2025,yields,0.16
2025,matured,0.16
2025,concentrate,0.16
2025,common,0.16
2025,instead,0.16
2025,customized,0.16
2025,constrained,0.16
2025,completed,0.16
2025,depending,0.16
2025,sophisticated,0.16
2025,unexpectedly,0.16
2025,interfere,0.16
2025,detect,0.16
2025,fix,0.16
2025,inventories,0.16
2025,obsolete,0.16
2025,accrues,0.16
2025,reserves,0.16
2025,reviews,0.16
2025,lived,0.16
2025,whenever,0.16
2025,indicate,0.16
2025,determines,0.16
2025,occurred,0.16
2025,equal,0.16
2025,unpredictable,0.16
2025,obsolescence,0.16
2025,announcements,0.16
2025,forecasted,0.16
2025,days,0.16
2025,forecast,0.16
2025,firm,0.16
2025,decisions,0.16
2025,cease,0.16
2025,developed,0.16
2025,maintained,0.16
2025,buy,0.16
2025,perception,0.16
2025,android,0.16
2025,position,0.16
2025,generated,0.16
2025,upgrade,0.16
2025,devote,0.16
2025,focus,0.16
2025,compelling,0.16
2025,operate,0.16
2025,dissatisfied,0.16
2025,includes,0.16
2025,continuation,0.16
2025,owners,0.16
2025,usage,0.16
2025,largely,0.16
2025,chief,0.16
2025,officer,0.16
2025,especially,0.16
2025,silicon,0.16
2025,valley,0.16
2025,subsidies,0.16
2025,same,0.16
2025,reseller,0.16
2025,staffing,0.16
2025,selected,0.16
2025,improving,0.16
2025,placement,0.16
2025,displays,0.16
2025,incremental,0.16
2025,weaken,0.16
2025,distributing,0.16
2025,ordering,0.16
2025,viruses,0.16
2025,physical,0.16
2025,break,0.16
2025,ins,0.16
2025,redundancy,0.16
2025,ineffective,0.16
2025,planning,0.16
2025,shipping,0.16
2025,devotes,0.16
2025,absolute,0.16
2025,targeted,0.16
2025,malfeasance,0.16
2025,faulty,0.16
2025,password,0.16
2025,irregularities,0.16
2025,fraudulently,0.16
2025,induce,0.16
2025,disclosing,0.16
2025,turn,0.16
2025,used,0.16
2025,monitors,0.16
2025,unusual,0.16
2025,freeze,0.16
2025,suspicious,0.16
2025,impede,0.16
2025,aspects,0.16
2025,present,0.16
2025,originally,0.16
2025,contemplated,0.16
2025,endeavors,0.16
2025,distraction,0.16
2025,ventures,0.16
2025,risky,0.16
2025,pose,0.16
2025,construction,0.16
2025,leases,0.16
2025,arisen,0.16
2025,ordinary,0.16
2025,yet,0.16
2025,faced,0.16
2025,holding,0.16
2025,royalties,0.16
2025,vigorously,0.16
2025,courts,0.16
2025,internationally,0.16
2025,plaintiffs,0.16
2025,merit,0.16
2025,recognition,0.16
2025,settle,0.16
2025,disgorgement,0.16
2025,profits,0.16
2025,remedial,0.16
2025,advertising,0.16
2025,billing,0.16
2025,television,0.16
2025,transfers,0.16
2025,considering,0.16
2025,complying,0.16
2025,emerging,0.16
2025,disclosure,0.16
2025,entities,0.16
2025,first,0.16
2025,quarters,0.16
2025,seasonal,0.16
2025,holiday,0.16
2025,generates,0.16
2025,unexpected,0.16
2025,developments,0.16
2025,primary,0.16
2025,relates,0.16
2025,weakening,0.16
2025,leads,0.16
2025,reducing,0.16
2025,conversely,0.16
2025,beneficial,0.16
2025,thereby,0.16
2025,benefit,0.16
2025,option,0.16
2025,hedge,0.16
2025,exposures,0.16
2025,hedging,0.16
2025,hedges,0.16
2025,portfolio,0.16
2025,deterioration,0.16
2025,sovereign,0.16
2025,receivable,0.16
2025,heightened,0.16
2025,worsen,0.16
2025,outstanding,0.16
2025,covered,0.16
2025,collateral,0.16
2025,unsecured,0.16
2025,assemble,0.16
2025,september,0.16
2025,organized,0.16
2025,statutory,0.16
2025,valuation,0.16
2025,deferred,0.16
2025,examination,0.16
2025,regularly,0.16
2025,assesses,0.16
2025,adequacy,0.16
2025,provision,0.16
2025,determination,0.16
2025,owed,0.16
2025,previously,0.16
2025,accrued,0.16
2025,ways,0.16
2025,unrelated,0.16
2025,average,0.16
2025,point,0.16
2025,dividend,0.16
2025,grow,0.16
2025,consummated,0.16
2025,declaration,0.16
2025,directors,0.16
2025,obligate,0.16
2025,acquire,0.16
2025,shares,0.16
2025,investor,0.16
2025,taken,0.16
2025,actual,0.16
2025,corruption,0.16
2025,impacting,0.16
2025,heading,0.16
2025,smartphones,0.15
2025,world,0.15
2025,imports,0.15
2025,distracting,0.15
2025,injunctions,0.15
2025,opinion,0.15
2025,least,0.15
2025,possibility,0.15
2025,incurred,0.15
2025,recorded,0.15
2025,accrual,0.15
2025,compensatory,0.15
2025,punitive,0.15
2025,trebled,0.15
2025,notice,0.15
2025,mainland,0.15
2025,making,0.14
2025,conflict,0.14
2025,operates,0.14
2025,interfering,0.14
2025,impeding,0.14
2025,takes,0.14
2025,steps,0.14
2025,confidentiality,0.14
2025,integrity,0.14
2025,impair,0.14
2025,attract,0.14
2025,judgments,0.14
2025,perpetrated,0.14
2025,creates,0.14
2025,owns,0.14
2025,vulnerable,0.14
2025,hacking,0.14
2025,sometimes,0.14
2025,indemnification,0.14
2025,assert,0.14
2025,resolve,0.14
2025,notification,0.14
2025,adequately,0.14
2025,handled,0.14
2025,permitted,0.14
2025,law,0.14
2025,cardholder,0.14
2025,cards,0.14
2025,localization,0.14
2025,shifts,0.14
2025,resulted,0.14
2025,outcomes,0.14
2025,around,0.13
2025,accordance,0.13
2025,news,0.13
2025,mortgage,0.13
2025,energy,0.13
2025,space,0.13
2025,built,0.13
2025,venues,0.13
2025,promote,0.13
2025,awareness,0.13
2025,elements,0.13
2025,size,0.13
2025,typical,0.13
2025,closure,0.13
2025,termination,0.13
2025,severance,0.13
2025,macro,0.13
2025,equity,0.13
2025,responding,0.13
2025,cybersecurity,0.13
2025,fail,0.13
2025,basis,0.13
2025,ipados,0.13
2025,sale,0.13
2025,regulation,0.13
2025,carrier,0.12
2025,certification,0.12
2025,doing,0.12
2025,duties,0.12
2025,recession,0.12
2025,prone,0.12
2025,earthquakes,0.12
2025,occurring,0.12
2025,exacerbate,0.12
2025,active,0.12
2025,contracted,0.12
2025,bases,0.12
2025,concentration,0.12
2025,recoverability,0.12
2025,unsafe,0.12
2025,injury,0.12
2025,widespread,0.12
2025,recalls,0.12
2025,replacements,0.12
2025,impairments,0.12
2025,builds,0.12
2025,improved,0.12
2025,installment,0.12
2025,always,0.12
2025,segments,0.12
2025,bank,0.12
2025,geopolitical,0.12
2025,requiring,0.12
2025,iphone,0.12
2025,fuel,0.12
2025,military,0.12
2025,whom,0.12
2025,legislative,0.12
2025,act,0.11
2025,restrictive,0.11
2025,talent,0.11
2025,nurture,0.11
2025,distinctive,0.11
2025,inclusive,0.11
2025,derives,0.11
2025,surrounding,0.11
2025,except,0.11
2025,note,0.11
2025,asserted,0.11
2025,raw,0.11
2025,materials,0.11
2025,both,0.11
2025,causes,0.11
2025,scope,0.1
2025,domestic,0.1
2025,accompanying,0.1
2025,led,0.1
2025,out,0.1
2025,capacities,0.1
2025,owned,0.1
2025,issuance,0.1
2025,unknowingly,0.1
2025,notified,0.1
2025,resells,0.1
2025,assuring,0.1
2025,subjects,0.1
2025,film,0.1
2025,employment,0.1
2025,money,0.1
2025,laundering,0.1
2025,violated,0.1
2025,instances,0.1
2025,scrutiny,0.1
2025,compressed,0.1
2025,acquiring,0.1
2025,delivering,0.1
2025,year,0.1
2025,important,0.1
2025,understanding,0.1
2025,indirectly,0.1
2025,emulating,0.1
2025,accordingly,0.1
2025,enters,0.1
2025,expand,0.1
2025,reach,0.1
2025,propose,0.1
2025,lessen,0.1
2025,piracy,0.1
2025,sub,0.1
2025,assemblies,0.1
2025,modify,0.1
2025,communicate,0.1
2025,purchasing,0.1
2025,mechanisms,0.1
2025,tools,0.1
2025,india,0.1
2025,japan,0.1
2025,south,0.1
2025,korea,0.1
2025,taiwan,0.1
2025,vietnam,0.1
2025,escalate,0.1
2025,members,0.1
2025,workforce,0.1
2025,dynamics,0.1
2025,stakeholders,0.1
2025,slower,0.09
2025,downturn,0.09
2025,environment,0.09
2025,temporary,0.09
2025,imposed,0.09
2025,concerning,0.09
2025,compromise,0.09
2025,sold,0.08
2025,using,0.08
2025,accessories,0.08
2025,added,0.08
2025,collectability,0.08
2025,included,0.08
2025,exports,0.08
2025,changed,0.08
2025,ensuring,0.08
2025,consistently,0.08
2025,every,0.08
2025,vast,0.08
2025,generate,0.08
2025,narrowed,0.08
2025,eliminated,0.08
2025,tangible,0.08
2025,involving,0.08
2025,alleged,0.08
2025,magnitude,0.08
2025,each,0.08
2025,smaller,0.08
2025,simpler,0.08
2025,traditional,0.08
2025,infringed,0.08
2025,unidentified,0.08
2025,discovered,0.08
2025,diligence,0.08
2025,european,0.08
2025,dma,0.08
2025,compromises,0.08
2025,incident,0.08
2025,series,0.07
2025,points,0.07
2025,strategic,0.07
2025,materialize,0.06
2025,section,0.06
2025,sites,0.06
2025,restructuring,0.06
2025,ceasing,0.06
2025,imitating,0.06
2025,manufactured,0.06
2025,semiconductor,0.06
2025,playstation,0.06
2025,nintendo,0.06
2025,xbox,0.06
2025,gaming,0.06
2025,union,0.06
2025,appeals,0.06
2025,subscriptions,0.06
2025,incorporate,0.06
2025,produces,0.06
2025,costly,0.06
2025,subscribers,0.06
2025,appeal,0.06
2025,driver,0.06
2025,recruit,0.06
2025,accessible,0.06
2025,behalf,0.06
2025,attempts,0.06
2025,regular,0.06
2025,normal,0.06
2025,globally,0.06
2025,accelerating,0.06
2025,frequency,0.06
2025,sophistication,0.06
2025,actors,0.06
2025,techniques,0.06
2025,circumvent,0.06
2025,detection,0.06
2025,remove,0.06
2025,obfuscate,0.06
2025,forensic,0.06
2025,evidence,0.06
2025,hinders,0.06
2025,investigate,0.06
2025,recover,0.06
2025,deploys,0.06
2025,like,0.06
2025,multifactor,0.06
2025,acquisition,0.06
2025,failing,0.06
2025,approvals,0.06
2025,completing,0.06
2025,realize,0.06
2025,anticorruption,0.06
2025,waste,0.06
2025,recycling,0.06
2025,search,0.06
2025,connection,0.06
2025,pending,0.06
2025,notices,0.06
2025,inquiries,0.06
2025,biometric,0.06
2025,subassemblies,0.06
2025,artificial,0.06
2025,intelligence,0.06
2025,revenues,0.06
2025,civil,0.06
2025,armed,0.06
2025,conflicts,0.06
2025,communication,0.06
2025,marks,0.06
2025,alternatively,0.06
2025,sourced,0.06
2025,music,0.06
2025,movies,0.06
2025,shows,0.06
2025,books,0.06
2025,action,0.06
2025,before,0.06
2025,promotions,0.06
2025,way,0.06
2025,locking,0.06
2025,mandating,0.06
2025,standardization,0.06
2025,networks,0.06
2025,testing,0.06
2025,shipment,0.06
2025,dates,0.06
2025,rise,0.06
2025,nevertheless,0.06
2025,another,0.06
2025,antidumping,0.06
2025,configuration,0.06
2025,irs,0.06
2025,flows,0.06
2025,protectionist,0.06
2025,correctly,0.06
2025,delivers,0.06
2025,then,0.06
2025,poses,0.06
2025,bugs,0.06
2025,conducting,0.05
2025,processing,0.05
2025,enacted,0.05
2025,proposals,0.05
2025,offering,0.05
2025,barriers,0.05
2025,prompting,0.05
2025,unprecedented,0.05
2025,closures,0.05
2025,shelter,0.05
2025,curtailed,0.05
2025,situation,0.05
2025,recommendations,0.05
2025,relevant,0.05
2025,timing,0.05
2025,trajectory,0.05
2025,duration,0.05
2025,vaccines,0.05
2025,treatments,0.05
2025,execute,0.05
2025,heightening,0.05
2025,sanctions,0.05
2025,findings,0.05
2025,machine,0.05
2025,learning,0.05
2025,serious,0.05
2025,injuries,0.05
2025,additions,0.05
2025,considerable,0.05
2025,constantly,0.05
2025,who,0.05
2025,feature,0.05
2025,interpreted,0.05
2025,satisfy,0.05
2025,prohibited,0.05
2025,importation,0.05
2025,regulators,0.05
2025,increasingly,0.05
2025,focused,0.05
2025,greenhouse,0.05
2025,gas,0.05
2025,emissions,0.05
2025,human,0.05
2025,diversity,0.05
2025,inclusion,0.05
2025,reports,0.05
2025,implementation,0.05
2025,involves,0.05
2025,disagree,0.05
2025,perceived,0.05
2025,varied,0.05
2025,stakeholder,0.05
2025,judgment,0.05
2025,interpretations,0.05
2025,breaches,0.04
2025,curtail,0.04
2025,addresses,0.04
2025,numbers,0.04
2025,cyber,0.04
2025,postpone,0.04
2025,austerity,0.04
2025,differ,0.04
2025,raises,0.04
2025,correspond,0.04
2025,influence,0.04
2025,behavior,0.04
2025,turmoil,0.04
2025,banking,0.04
2025,institution,0.04
2025,tightening,0.04
2025,fixed,0.04
2025,gains,0.04
2025,revaluations,0.04
2025,decreases,0.04
2025,balances,0.04
2025,assigned,0.04
2025,breadth,0.04
2025,authorized,0.04
2025,maker,0.04
2025,macos,0.04
2025,contracting,0.04
2025,dominated,0.04
2025,makers,0.04
2025,notably,0.04
2025,platform,0.04
2025,early,0.04
2025,stages,0.04
2025,national,0.04
2025,subsidize,0.04
2025,adequate,0.04
2025,build,0.04
2025,sole,0.04
2025,decreased,0.04
2025,question,0.04
2025,prospects,0.04
2025,distributed,0.04
2025,perceptions,0.04
2025,rather,0.04
2025,considers,0.04
2025,remote,0.04
2025,vehicles,0.04
2025,challenging,0.04
2025,managing,0.04
2025,receive,0.04
2025,headquarters,0.04
2025,indirect,0.04
2025,percentages,0.04
2025,shift,0.04
2025,flat,0.04
2025,late,0.04
2025,versus,0.04
2025,ratings,0.04
2025,still,0.04
2025,cheaper,0.04
2025,litigants,0.04
2025,temporarily,0.03
2025,closed,0.03
2025,reopened,0.03
2025,remotely,0.03
2025,proposed,0.03
2025,march,0.03
2025,allows,0.03
2025,inside,0.03
2025,slow,0.03
2025,initiated,0.03
2025,dependent,0.03
2025,upgrades,0.03
2025,usernames,0.03
2025,frameworks,0.03
2025,banned,0.03
2025,singapore,0.03
2025,organisation,0.03
2025,modernizing,0.03
2025,minimum,0.03
2025,quarantine,0.03
2025,emergence,0.03
2025,variants,0.03
2025,effectiveness,0.03
2025,experiencing,0.03
2025,storefront,0.03
2025,safari,0.03
2025,seeks,0.03
2025,methods,0.03
2025,apis,0.03
2025,plan,0.03
2025,challenged,0.03
2025,monopolization,0.03
2025,diplomatic,0.03
2025,cutting,0.02
2025,weak,0.02
2025,consistent,0.02
2025,normally,0.02
2025,acquired,0.02
2025,combination,0.02
2025,open,0.02
2025,case,0.02
2025,projected,0.02
2025,monetize,0.02
2025,purchased,0.02
2025,hold,0.02
2025,portfolios,0.02
2025,validity,0.02
2025,merits,0.02
2025,engage,0.02
2025,protracted,0.02
2025,pay,0.02
2025,permanent,0.02
2025,injunction,0.02
2025,prohibiting,0.02
2025,consider,0.02
2025,desirability,0.02
2025,entering,0.02
2025,cancelled,0.02
2025,delivery,0.02
2025,phone,0.02
2025,email,0.02
2025,contact,0.02
2025,preferences,0.02
2025,identification,0.02
2025,account,0.02
2025,transmission,0.02
2025,storage,0.02
2025,moreover,0.02
2025,release,0.02
2025,damaged,0.02
2025,possible,0.02
2025,self,0.02
2025,insured,0.02
2025,association,0.02
2025,processors,0.02
2025,issuers,0.02
2025,watch,0.02
2025,original,0.02
2025,spread,0.02
2025,rapidly,0.02
2025,throughout,0.02
2025,quarantines,0.02
2025,outbreak,0.02
2025,virus,0.02
2025,full,0.02
2025,without,0.02
2025,limitation,0.02
2025,situations,0.02
2025,developer,0.02
2025,regulate,0.02
2025,restructure,0.02
2025,droughts,0.02
2025,floods,0.02
2025,hurricanes,0.02
2025,wildfires,0.02
2025,concentrations,0.02
2025,weather,0.02
2025,chains,0.02
2025,replace,0.02
2025,supersede,0.02
2025,exposing,0.02
2025,harmful,0.02
2025,inaccurate,0.02
2025,vulnerabilities,0.02
2025,exploited,0.02
2025,compromising,0.02
2025,taking,0.02
2025,programming,0.02
2025,interfaces,0.02
2025,reductions,0.02
2025,broad,0.02
2025,expands,0.02
2025,navigate,0.02
2025,ethical,0.02
2025,feedback,0.02
2025,engagement,0.02
2025,private,0.02
2025,provides,0.02
2025,lawsuits,0.02
2025,alleging,0.02
2025,attempted,0.02
2025,google,0.02
2025,llc,0.02
2025,either,0.02
2025,report,0.02
